Question ID,Precision at 1,Precision at 5,Reciprocal rank,Average precision
1922,0.0,0.0,0.0,0.0
1924,0.0,0.0,0.0,0.0
1947,1.0,0.8,1.0,0.8357142857142857
2007,0.0,0.8,0.5,0.708390022675737
2068,0.0,0.0,0.0,0.0
2144,0.0,0.0,0.0,0.0
2162,0.0,0.0,0.0,0.0
2184,1.0,0.6,1.0,0.5961760461760461
2223,0.0,0.0,0.0,0.0
2246,1.0,0.6,1.0,0.8055555555555555
